"x_blur","y_blur","fitness"
0,0,0.73622
1,0,0.854331
2,0,0.858268
3,0,0.870079
4,0,0.905512
5,0,0.893701
6,0,0.913386
7,0,0.925197
8,0,0.92126
9,0,0.905512
10,0,0.897638
11,0,0.92126
12,0,0.933071
13,0,0.929134
14,0,0.944882
15,0,0.925197
16,0,0.956693
17,0,0.96063
18,0,0.952756
19,0,0.929134
20,0,0.952756
21,0,0.940945
22,0,0.944882
23,0,0.937008
24,0,0.956693
25,0,0.956693
26,0,0.944882
27,0,0.933071
28,0,0.948819
29,0,0.972441
30,0,0.956693
31,0,0.956693
32,0,0.956693
33,0,0.940945
34,0,0.944882
35,0,0.956693
36,0,0.968504
37,0,0.944882
38,0,0.952756
39,0,0.972441
40,0,0.948819
41,0,0.956693
42,0,0.96063
43,0,0.964567
44,0,0.96063
45,0,0.956693
0,1,0.767717
1,1,0.854331
2,1,0.88189
3,1,0.88189
4,1,0.893701
5,1,0.905512
6,1,0.917323
7,1,0.929134
8,1,0.925197
9,1,0.96063
10,1,0.944882
11,1,0.944882
12,1,0.940945
13,1,0.948819
14,1,0.940945
15,1,0.948819
16,1,0.940945
17,1,0.944882
18,1,0.944882
19,1,0.96063
20,1,0.96063
21,1,0.968504
22,1,0.952756
23,1,0.980315
24,1,0.944882
25,1,0.956693
26,1,0.96063
27,1,0.952756
28,1,0.940945
29,1,0.968504
30,1,0.96063
31,1,0.956693
32,1,0.944882
33,1,0.944882
34,1,0.964567
35,1,0.937008
36,1,0.956693
37,1,0.964567
38,1,0.952756
39,1,0.964567
40,1,0.944882
41,1,0.96063
42,1,0.952756
43,1,0.972441
44,1,0.972441
45,1,0.952756
0,2,0.791339
1,2,0.84252
2,2,0.897638
3,2,0.92126
4,2,0.940945
5,2,0.937008
6,2,0.944882
7,2,0.948819
8,2,0.917323
9,2,0.956693
10,2,0.929134
11,2,0.937008
12,2,0.948819
13,2,0.948819
14,2,0.937008
15,2,0.956693
16,2,0.956693
17,2,0.956693
18,2,0.944882
19,2,0.940945
20,2,0.96063
21,2,0.956693
22,2,0.96063
23,2,0.96063
24,2,0.964567
25,2,0.944882
26,2,0.956693
27,2,0.976378
28,2,0.948819
29,2,0.972441
30,2,0.968504
31,2,0.944882
32,2,0.96063
33,2,0.948819
34,2,0.948819
35,2,0.968504
36,2,0.96063
37,2,0.968504
38,2,0.968504
39,2,0.964567
40,2,0.972441
41,2,0.972441
42,2,0.980315
43,2,0.968504
44,2,0.968504
45,2,0.956693
0,3,0.822835
1,3,0.862205
2,3,0.909449
3,3,0.893701
4,3,0.913386
5,3,0.944882
6,3,0.948819
7,3,0.925197
8,3,0.952756
9,3,0.944882
10,3,0.948819
11,3,0.956693
12,3,0.956693
13,3,0.952756
14,3,0.972441
15,3,0.96063
16,3,0.948819
17,3,0.952756
18,3,0.940945
19,3,0.96063
20,3,0.952756
21,3,0.96063
22,3,0.964567
23,3,0.976378
24,3,0.964567
25,3,0.956693
26,3,0.944882
27,3,0.964567
28,3,0.988189
29,3,0.96063
30,3,0.952756
31,3,0.96063
32,3,0.948819
33,3,0.980315
34,3,0.956693
35,3,0.964567
36,3,0.976378
37,3,0.956693
38,3,0.972441
39,3,0.964567
40,3,0.944882
41,3,0.96063
42,3,0.937008
43,3,0.972441
44,3,0.968504
45,3,0.964567
0,4,0.826772
1,4,0.854331
2,4,0.885827
3,4,0.909449
4,4,0.940945
5,4,0.92126
6,4,0.948819
7,4,0.964567
8,4,0.952756
9,4,0.964567
10,4,0.940945
11,4,0.968504
12,4,0.948819
13,4,0.948819
14,4,0.980315
15,4,0.956693
16,4,0.976378
17,4,0.944882
18,4,0.968504
19,4,0.96063
20,4,0.968504
21,4,0.956693
22,4,0.956693
23,4,0.96063
24,4,0.972441
25,4,0.948819
26,4,0.952756
27,4,0.952756
28,4,0.948819
29,4,0.96063
30,4,0.968504
31,4,0.968504
32,4,0.948819
33,4,0.96063
34,4,0.968504
35,4,0.96063
36,4,0.956693
37,4,0.96063
38,4,0.968504
39,4,0.968504
40,4,0.976378
41,4,0.952756
42,4,0.968504
43,4,0.968504
44,4,0.968504
45,4,0.972441
0,5,0.854331
1,5,0.917323
2,5,0.901575
3,5,0.917323
4,5,0.940945
5,5,0.964567
6,5,0.940945
7,5,0.944882
8,5,0.952756
9,5,0.948819
10,5,0.940945
11,5,0.944882
12,5,0.940945
13,5,0.948819
14,5,0.964567
15,5,0.956693
16,5,0.944882
17,5,0.964567
18,5,0.964567
19,5,0.96063
20,5,0.964567
21,5,0.964567
22,5,0.980315
23,5,0.976378
24,5,0.96063
25,5,0.972441
26,5,0.968504
27,5,0.976378
28,5,0.972441
29,5,0.968504
30,5,0.980315
31,5,0.988189
32,5,0.964567
33,5,0.976378
34,5,0.96063
35,5,0.972441
36,5,0.96063
37,5,0.944882
38,5,0.964567
39,5,0.968504
40,5,0.980315
41,5,0.980315
42,5,0.952756
43,5,0.964567
44,5,0.976378
45,5,0.956693
0,6,0.88189
1,6,0.929134
2,6,0.925197
3,6,0.944882
4,6,0.937008
5,6,0.937008
6,6,0.96063
7,6,0.956693
8,6,0.940945
9,6,0.956693
10,6,0.972441
11,6,0.964567
12,6,0.964567
13,6,0.968504
14,6,0.956693
15,6,0.976378
16,6,0.968504
17,6,0.972441
18,6,0.952756
19,6,0.96063
20,6,0.948819
21,6,0.968504
22,6,0.968504
23,6,0.956693
24,6,0.972441
25,6,0.952756
26,6,0.972441
27,6,0.956693
28,6,0.952756
29,6,0.984252
30,6,0.964567
31,6,0.948819
32,6,0.964567
33,6,0.980315
34,6,0.956693
35,6,0.976378
36,6,0.968504
37,6,0.968504
38,6,0.96063
39,6,0.956693
40,6,0.956693
41,6,0.968504
42,6,0.968504
43,6,0.968504
44,6,0.96063
45,6,0.968504
0,7,0.846457
1,7,0.893701
2,7,0.905512
3,7,0.956693
4,7,0.92126
5,7,0.952756
6,7,0.937008
7,7,0.948819
8,7,0.956693
9,7,0.948819
10,7,0.956693
11,7,0.96063
12,7,0.972441
13,7,0.940945
14,7,0.964567
15,7,0.96063
16,7,0.972441
17,7,0.948819
18,7,0.976378
19,7,0.968504
20,7,0.968504
21,7,0.972441
22,7,0.968504
23,7,0.972441
24,7,0.968504
25,7,0.980315
26,7,0.948819
27,7,0.968504
28,7,0.968504
29,7,0.972441
30,7,0.956693
31,7,0.952756
32,7,0.964567
33,7,0.980315
34,7,0.984252
35,7,0.972441
36,7,0.964567
37,7,0.976378
38,7,0.948819
39,7,0.980315
40,7,0.96063
41,7,0.972441
42,7,0.976378
43,7,0.952756
44,7,0.968504
45,7,0.968504
0,8,0.870079
1,8,0.897638
2,8,0.929134
3,8,0.929134
4,8,0.944882
5,8,0.937008
6,8,0.929134
7,8,0.948819
8,8,0.956693
9,8,0.948819
10,8,0.976378
11,8,0.956693
12,8,0.944882
13,8,0.952756
14,8,0.968504
15,8,0.964567
16,8,0.948819
17,8,0.972441
18,8,0.964567
19,8,0.980315
20,8,0.964567
21,8,0.984252
22,8,0.956693
23,8,0.964567
24,8,0.944882
25,8,0.96063
26,8,0.964567
27,8,0.952756
28,8,0.972441
29,8,0.964567
30,8,0.980315
31,8,0.964567
32,8,0.968504
33,8,0.964567
34,8,0.956693
35,8,0.952756
36,8,0.980315
37,8,0.972441
38,8,0.968504
39,8,0.972441
40,8,0.972441
41,8,0.968504
42,8,0.96063
43,8,0.964567
44,8,0.976378
45,8,0.968504
0,9,0.854331
1,9,0.917323
2,9,0.929134
3,9,0.92126
4,9,0.905512
5,9,0.933071
6,9,0.937008
7,9,0.96063
8,9,0.956693
9,9,0.964567
10,9,0.964567
11,9,0.96063
12,9,0.948819
13,9,0.968504
14,9,0.956693
15,9,0.972441
16,9,0.980315
17,9,0.96063
18,9,0.968504
19,9,0.972441
20,9,0.976378
21,9,0.968504
22,9,0.968504
23,9,0.956693
24,9,0.964567
25,9,0.972441
26,9,0.980315
27,9,0.968504
28,9,0.972441
29,9,0.984252
30,9,0.96063
31,9,0.96063
32,9,0.968504
33,9,0.96063
34,9,0.976378
35,9,0.980315
36,9,0.972441
37,9,0.972441
38,9,0.964567
39,9,0.980315
40,9,0.96063
41,9,0.972441
42,9,0.968504
43,9,0.952756
44,9,0.952756
45,9,0.972441
0,10,0.854331
1,10,0.897638
2,10,0.917323
3,10,0.933071
4,10,0.925197
5,10,0.96063
6,10,0.940945
7,10,0.964567
8,10,0.956693
9,10,0.956693
10,10,0.972441
11,10,0.948819
12,10,0.964567
13,10,0.964567
14,10,0.976378
15,10,0.96063
16,10,0.956693
17,10,0.968504
18,10,0.972441
19,10,0.964567
20,10,0.968504
21,10,0.964567
22,10,0.964567
23,10,0.972441
24,10,0.972441
25,10,0.972441
26,10,0.968504
27,10,0.96063
28,10,0.952756
29,10,0.964567
30,10,0.972441
31,10,0.976378
32,10,0.964567
33,10,0.972441
34,10,0.972441
35,10,0.964567
36,10,0.948819
37,10,0.980315
38,10,0.968504
39,10,0.96063
40,10,0.968504
41,10,0.976378
42,10,0.964567
43,10,0.96063
44,10,0.972441
45,10,0.976378
0,11,0.877953
1,11,0.913386
2,11,0.948819
3,11,0.948819
4,11,0.956693
5,11,0.933071
6,11,0.944882
7,11,0.956693
8,11,0.964567
9,11,0.968504
10,11,0.952756
11,11,0.96063
12,11,0.952756
13,11,0.952756
14,11,0.96063
15,11,0.968504
16,11,0.976378
17,11,0.976378
18,11,0.96063
19,11,0.956693
20,11,0.976378
21,11,0.968504
22,11,0.964567
23,11,0.976378
24,11,0.972441
25,11,0.952756
26,11,0.968504
27,11,0.968504
28,11,0.968504
29,11,0.980315
30,11,0.968504
31,11,0.980315
32,11,0.964567
33,11,0.956693
34,11,0.980315
35,11,0.952756
36,11,0.952756
37,11,0.96063
38,11,0.976378
39,11,0.956693
40,11,0.96063
41,11,0.948819
42,11,0.964567
43,11,0.972441
44,11,0.976378
45,11,0.96063
0,12,0.874016
1,12,0.917323
2,12,0.940945
3,12,0.948819
4,12,0.929134
5,12,0.925197
6,12,0.944882
7,12,0.948819
8,12,0.940945
9,12,0.96063
10,12,0.972441
11,12,0.972441
12,12,0.956693
13,12,0.964567
14,12,0.964567
15,12,0.956693
16,12,0.980315
17,12,0.976378
18,12,0.972441
19,12,0.972441
20,12,0.964567
21,12,0.972441
22,12,0.944882
23,12,0.956693
24,12,0.972441
25,12,0.956693
26,12,0.96063
27,12,0.956693
28,12,0.980315
29,12,0.980315
30,12,0.948819
31,12,0.964567
32,12,0.968504
33,12,0.964567
34,12,0.96063
35,12,0.956693
36,12,0.968504
37,12,0.972441
38,12,0.976378
39,12,0.972441
40,12,0.96063
41,12,0.940945
42,12,0.968504
43,12,0.964567
44,12,0.948819
45,12,0.964567
0,13,0.905512
1,13,0.929134
2,13,0.944882
3,13,0.940945
4,13,0.948819
5,13,0.944882
6,13,0.940945
7,13,0.96063
8,13,0.96063
9,13,0.952756
10,13,0.972441
11,13,0.976378
12,13,0.96063
13,13,0.984252
14,13,0.964567
15,13,0.956693
16,13,0.96063
17,13,0.956693
18,13,0.964567
19,13,0.964567
20,13,0.976378
21,13,0.976378
22,13,0.956693
23,13,0.964567
24,13,0.964567
25,13,0.968504
26,13,0.96063
27,13,0.968504
28,13,0.964567
29,13,0.964567
30,13,0.964567
31,13,0.948819
32,13,0.972441
33,13,0.964567
34,13,0.948819
35,13,0.972441
36,13,0.964567
37,13,0.968504
38,13,0.964567
39,13,0.948819
40,13,0.964567
41,13,0.940945
42,13,0.972441
43,13,0.948819
44,13,0.96063
45,13,0.976378
0,14,0.866142
1,14,0.917323
2,14,0.937008
3,14,0.940945
4,14,0.948819
5,14,0.944882
6,14,0.948819
7,14,0.96063
8,14,0.948819
9,14,0.972441
10,14,0.96063
11,14,0.956693
12,14,0.948819
13,14,0.972441
14,14,0.976378
15,14,0.964567
16,14,0.956693
17,14,0.968504
18,14,0.96063
19,14,0.96063
20,14,0.964567
21,14,0.952756
22,14,0.948819
23,14,0.964567
24,14,0.972441
25,14,0.96063
26,14,0.952756
27,14,0.952756
28,14,0.96063
29,14,0.968504
30,14,0.956693
31,14,0.964567
32,14,0.96063
33,14,0.988189
34,14,0.964567
35,14,0.964567
36,14,0.944882
37,14,0.96063
38,14,0.972441
39,14,0.96063
40,14,0.956693
41,14,0.968504
42,14,0.964567
43,14,0.972441
44,14,0.964567
45,14,0.964567
0,15,0.877953
1,15,0.905512
2,15,0.937008
3,15,0.929134
4,15,0.925197
5,15,0.948819
6,15,0.952756
7,15,0.944882
8,15,0.964567
9,15,0.956693
10,15,0.952756
11,15,0.968504
12,15,0.964567
13,15,0.972441
14,15,0.968504
15,15,0.956693
16,15,0.972441
17,15,0.956693
18,15,0.976378
19,15,0.964567
20,15,0.964567
21,15,0.964567
22,15,0.968504
23,15,0.96063
24,15,0.968504
25,15,0.968504
26,15,0.964567
27,15,0.96063
28,15,0.96063
29,15,0.968504
30,15,0.968504
31,15,0.964567
32,15,0.948819
33,15,0.968504
34,15,0.972441
35,15,0.96063
36,15,0.968504
37,15,0.96063
38,15,0.968504
39,15,0.972441
40,15,0.956693
41,15,0.952756
42,15,0.956693
43,15,0.968504
44,15,0.972441
45,15,0.964567
0,16,0.917323
1,16,0.913386
2,16,0.929134
3,16,0.96063
4,16,0.948819
5,16,0.937008
6,16,0.964567
7,16,0.968504
8,16,0.956693
9,16,0.968504
10,16,0.956693
11,16,0.952756
12,16,0.972441
13,16,0.952756
14,16,0.96063
15,16,0.952756
16,16,0.964567
17,16,0.96063
18,16,0.972441
19,16,0.952756
20,16,0.96063
21,16,0.964567
22,16,0.956693
23,16,0.964567
24,16,0.940945
25,16,0.952756
26,16,0.96063
27,16,0.956693
28,16,0.964567
29,16,0.956693
30,16,0.972441
31,16,0.972441
32,16,0.956693
33,16,0.976378
34,16,0.96063
35,16,0.976378
36,16,0.964567
37,16,0.964567
38,16,0.968504
39,16,0.968504
40,16,0.964567
41,16,0.964567
42,16,0.972441
43,16,0.976378
44,16,0.952756
45,16,0.948819
0,17,0.862205
1,17,0.937008
2,17,0.937008
3,17,0.948819
4,17,0.96063
5,17,0.944882
6,17,0.940945
7,17,0.972441
8,17,0.968504
9,17,0.948819
10,17,0.952756
11,17,0.968504
12,17,0.96063
13,17,0.972441
14,17,0.96063
15,17,0.968504
16,17,0.972441
17,17,0.96063
18,17,0.972441
19,17,0.976378
20,17,0.940945
21,17,0.964567
22,17,0.976378
23,17,0.964567
24,17,0.956693
25,17,0.952756
26,17,0.952756
27,17,0.96063
28,17,0.96063
29,17,0.968504
30,17,0.956693
31,17,0.972441
32,17,0.972441
33,17,0.964567
34,17,0.964567
35,17,0.96063
36,17,0.96063
37,17,0.968504
38,17,0.964567
39,17,0.964567
40,17,0.956693
41,17,0.972441
42,17,0.980315
43,17,0.952756
44,17,0.96063
45,17,0.964567
0,18,0.897638
1,18,0.909449
2,18,0.944882
3,18,0.940945
4,18,0.933071
5,18,0.952756
6,18,0.952756
7,18,0.952756
8,18,0.952756
9,18,0.956693
10,18,0.980315
11,18,0.964567
12,18,0.956693
13,18,0.968504
14,18,0.976378
15,18,0.984252
16,18,0.972441
17,18,0.96063
18,18,0.937008
19,18,0.956693
20,18,0.952756
21,18,0.952756
22,18,0.968504
23,18,0.952756
24,18,0.952756
25,18,0.968504
26,18,0.968504
27,18,0.976378
28,18,0.952756
29,18,0.976378
30,18,0.980315
31,18,0.976378
32,18,0.968504
33,18,0.96063
34,18,0.968504
35,18,0.972441
36,18,0.96063
37,18,0.96063
38,18,0.972441
39,18,0.96063
40,18,0.944882
41,18,0.96063
42,18,0.972441
43,18,0.948819
44,18,0.964567
45,18,0.968504
0,19,0.862205
1,19,0.917323
2,19,0.937008
3,19,0.952756
4,19,0.952756
5,19,0.948819
6,19,0.944882
7,19,0.948819
8,19,0.956693
9,19,0.948819
10,19,0.972441
11,19,0.956693
12,19,0.968504
13,19,0.956693
14,19,0.956693
15,19,0.96063
16,19,0.968504
17,19,0.96063
18,19,0.964567
19,19,0.964567
20,19,0.972441
21,19,0.964567
22,19,0.984252
23,19,0.968504
24,19,0.956693
25,19,0.940945
26,19,0.976378
27,19,0.968504
28,19,0.96063
29,19,0.968504
30,19,0.96063
31,19,0.984252
32,19,0.976378
33,19,0.964567
34,19,0.972441
35,19,0.968504
36,19,0.968504
37,19,0.968504
38,19,0.956693
39,19,0.968504
40,19,0.96063
41,19,0.948819
42,19,0.968504
43,19,0.96063
44,19,0.96063
45,19,0.96063
0,20,0.901575
1,20,0.917323
2,20,0.925197
3,20,0.948819
4,20,0.952756
5,20,0.940945
6,20,0.956693
7,20,0.956693
8,20,0.948819
9,20,0.964567
10,20,0.956693
11,20,0.968504
12,20,0.972441
13,20,0.96063
14,20,0.96063
15,20,0.952756
16,20,0.972441
17,20,0.948819
18,20,0.944882
19,20,0.976378
20,20,0.956693
21,20,0.952756
22,20,0.972441
23,20,0.972441
24,20,0.956693
25,20,0.948819
26,20,0.944882
27,20,0.956693
28,20,0.956693
29,20,0.96063
30,20,0.964567
31,20,0.948819
32,20,0.96063
33,20,0.968504
34,20,0.96063
35,20,0.968504
36,20,0.948819
37,20,0.96063
38,20,0.976378
39,20,0.964567
40,20,0.976378
41,20,0.956693
42,20,0.96063
43,20,0.968504
44,20,0.964567
45,20,0.968504
0,21,0.877953
1,21,0.92126
2,21,0.944882
3,21,0.968504
4,21,0.933071
5,21,0.948819
6,21,0.944882
7,21,0.96063
8,21,0.956693
9,21,0.948819
10,21,0.948819
11,21,0.964567
12,21,0.937008
13,21,0.956693
14,21,0.956693
15,21,0.964567
16,21,0.937008
17,21,0.96063
18,21,0.972441
19,21,0.956693
20,21,0.968504
21,21,0.976378
22,21,0.972441
23,21,0.968504
24,21,0.952756
25,21,0.956693
26,21,0.956693
27,21,0.952756
28,21,0.952756
29,21,0.964567
30,21,0.968504
31,21,0.964567
32,21,0.968504
33,21,0.964567
34,21,0.948819
35,21,0.964567
36,21,0.964567
37,21,0.968504
38,21,0.968504
39,21,0.964567
40,21,0.96063
41,21,0.956693
42,21,0.964567
43,21,0.96063
44,21,0.948819
45,21,0.964567
0,22,0.885827
1,22,0.909449
2,22,0.933071
3,22,0.937008
4,22,0.944882
5,22,0.968504
6,22,0.948819
7,22,0.96063
8,22,0.948819
9,22,0.956693
10,22,0.96063
11,22,0.956693
12,22,0.972441
13,22,0.952756
14,22,0.944882
15,22,0.948819
16,22,0.976378
17,22,0.964567
18,22,0.976378
19,22,0.944882
20,22,0.96063
21,22,0.968504
22,22,0.952756
23,22,0.972441
24,22,0.956693
25,22,0.952756
26,22,0.964567
27,22,0.976378
28,22,0.952756
29,22,0.968504
30,22,0.976378
31,22,0.976378
32,22,0.952756
33,22,0.952756
34,22,0.944882
35,22,0.96063
36,22,0.956693
37,22,0.952756
38,22,0.956693
39,22,0.948819
40,22,0.952756
41,22,0.96063
42,22,0.952756
43,22,0.944882
44,22,0.976378
45,22,0.952756
0,23,0.889764
1,23,0.917323
2,23,0.925197
3,23,0.956693
4,23,0.937008
5,23,0.944882
6,23,0.944882
7,23,0.976378
8,23,0.948819
9,23,0.952756
10,23,0.96063
11,23,0.956693
12,23,0.948819
13,23,0.968504
14,23,0.96063
15,23,0.976378
16,23,0.937008
17,23,0.972441
18,23,0.964567
19,23,0.96063
20,23,0.952756
21,23,0.972441
22,23,0.96063
23,23,0.96063
24,23,0.96063
25,23,0.956693
26,23,0.944882
27,23,0.972441
28,23,0.964567
29,23,0.976378
30,23,0.972441
31,23,0.956693
32,23,0.948819
33,23,0.964567
34,23,0.952756
35,23,0.952756
36,23,0.964567
37,23,0.968504
38,23,0.956693
39,23,0.96063
40,23,0.96063
41,23,0.952756
42,23,0.968504
43,23,0.972441
44,23,0.968504
45,23,0.96063
0,24,0.838583
1,24,0.92126
2,24,0.933071
3,24,0.956693
4,24,0.933071
5,24,0.944882
6,24,0.948819
7,24,0.948819
8,24,0.952756
9,24,0.944882
10,24,0.952756
11,24,0.948819
12,24,0.937008
13,24,0.964567
14,24,0.956693
15,24,0.964567
16,24,0.964567
17,24,0.948819
18,24,0.956693
19,24,0.952756
20,24,0.968504
21,24,0.937008
22,24,0.964567
23,24,0.96063
24,24,0.952756
25,24,0.956693
26,24,0.96063
27,24,0.948819
28,24,0.952756
29,24,0.952756
30,24,0.937008
31,24,0.956693
32,24,0.944882
33,24,0.96063
34,24,0.956693
35,24,0.956693
36,24,0.948819
37,24,0.952756
38,24,0.956693
39,24,0.96063
40,24,0.968504
41,24,0.96063
42,24,0.968504
43,24,0.948819
44,24,0.956693
45,24,0.96063
0,25,0.897638
1,25,0.92126
2,25,0.937008
3,25,0.944882
4,25,0.944882
5,25,0.937008
6,25,0.952756
7,25,0.952756
8,25,0.952756
9,25,0.948819
10,25,0.96063
11,25,0.952756
12,25,0.96063
13,25,0.948819
14,25,0.956693
15,25,0.968504
16,25,0.940945
17,25,0.952756
18,25,0.964567
19,25,0.956693
20,25,0.964567
21,25,0.964567
22,25,0.956693
23,25,0.952756
24,25,0.948819
25,25,0.956693
26,25,0.929134
27,25,0.976378
28,25,0.96063
29,25,0.948819
30,25,0.96063
31,25,0.944882
32,25,0.96063
33,25,0.944882
34,25,0.956693
35,25,0.948819
36,25,0.948819
37,25,0.96063
38,25,0.948819
39,25,0.940945
40,25,0.952756
41,25,0.964567
42,25,0.944882
43,25,0.956693
44,25,0.948819
45,25,0.940945
0,26,0.885827
1,26,0.929134
2,26,0.937008
3,26,0.92126
4,26,0.940945
5,26,0.948819
6,26,0.952756
7,26,0.96063
8,26,0.96063
9,26,0.940945
10,26,0.952756
11,26,0.96063
12,26,0.964567
13,26,0.96063
14,26,0.968504
15,26,0.968504
16,26,0.952756
17,26,0.96063
18,26,0.952756
19,26,0.956693
20,26,0.968504
21,26,0.956693
22,26,0.96063
23,26,0.968504
24,26,0.940945
25,26,0.948819
26,26,0.964567
27,26,0.96063
28,26,0.952756
29,26,0.952756
30,26,0.948819
31,26,0.952756
32,26,0.964567
33,26,0.952756
34,26,0.948819
35,26,0.940945
36,26,0.948819
37,26,0.96063
38,26,0.948819
39,26,0.96063
40,26,0.96063
41,26,0.956693
42,26,0.952756
43,26,0.976378
44,26,0.964567
45,26,0.940945
0,27,0.893701
1,27,0.929134
2,27,0.925197
3,27,0.940945
4,27,0.952756
5,27,0.952756
6,27,0.956693
7,27,0.96063
8,27,0.972441
9,27,0.952756
10,27,0.956693
11,27,0.940945
12,27,0.952756
13,27,0.956693
14,27,0.948819
15,27,0.96063
16,27,0.937008
17,27,0.964567
18,27,0.96063
19,27,0.956693
20,27,0.933071
21,27,0.956693
22,27,0.948819
23,27,0.964567
24,27,0.952756
25,27,0.944882
26,27,0.933071
27,27,0.956693
28,27,0.956693
29,27,0.944882
30,27,0.956693
31,27,0.948819
32,27,0.948819
33,27,0.929134
34,27,0.940945
35,27,0.948819
36,27,0.948819
37,27,0.968504
38,27,0.956693
39,27,0.948819
40,27,0.956693
41,27,0.948819
42,27,0.956693
43,27,0.956693
44,27,0.96063
45,27,0.933071
0,28,0.874016
1,28,0.952756
2,28,0.937008
3,28,0.952756
4,28,0.937008
5,28,0.96063
6,28,0.952756
7,28,0.944882
8,28,0.964567
9,28,0.944882
10,28,0.968504
11,28,0.940945
12,28,0.948819
13,28,0.956693
14,28,0.956693
15,28,0.940945
16,28,0.944882
17,28,0.952756
18,28,0.968504
19,28,0.956693
20,28,0.96063
21,28,0.937008
22,28,0.940945
23,28,0.96063
24,28,0.96063
25,28,0.96063
26,28,0.96063
27,28,0.933071
28,28,0.944882
29,28,0.96063
30,28,0.925197
31,28,0.948819
32,28,0.940945
33,28,0.948819
34,28,0.948819
35,28,0.956693
36,28,0.96063
37,28,0.937008
38,28,0.952756
39,28,0.940945
40,28,0.956693
41,28,0.952756
42,28,0.944882
43,28,0.948819
44,28,0.937008
45,28,0.937008
0,29,0.893701
1,29,0.937008
2,29,0.964567
3,29,0.944882
4,29,0.948819
5,29,0.952756
6,29,0.952756
7,29,0.964567
8,29,0.944882
9,29,0.956693
10,29,0.933071
11,29,0.952756
12,29,0.948819
13,29,0.956693
14,29,0.952756
15,29,0.933071
16,29,0.956693
17,29,0.976378
18,29,0.948819
19,29,0.948819
20,29,0.952756
21,29,0.964567
22,29,0.96063
23,29,0.948819
24,29,0.948819
25,29,0.948819
26,29,0.96063
27,29,0.944882
28,29,0.956693
29,29,0.937008
30,29,0.940945
31,29,0.940945
32,29,0.96063
33,29,0.948819
34,29,0.956693
35,29,0.952756
36,29,0.952756
37,29,0.952756
38,29,0.964567
39,29,0.964567
40,29,0.952756
41,29,0.937008
42,29,0.964567
43,29,0.929134
44,29,0.944882
45,29,0.937008
0,30,0.866142
1,30,0.937008
2,30,0.929134
3,30,0.940945
4,30,0.944882
5,30,0.948819
6,30,0.944882
7,30,0.948819
8,30,0.956693
9,30,0.952756
10,30,0.948819
11,30,0.964567
12,30,0.952756
13,30,0.96063
14,30,0.956693
15,30,0.937008
16,30,0.968504
17,30,0.933071
18,30,0.972441
19,30,0.96063
20,30,0.944882
21,30,0.952756
22,30,0.964567
23,30,0.948819
24,30,0.964567
25,30,0.944882
26,30,0.956693
27,30,0.956693
28,30,0.952756
29,30,0.968504
30,30,0.956693
31,30,0.952756
32,30,0.952756
33,30,0.92126
34,30,0.96063
35,30,0.940945
36,30,0.933071
37,30,0.940945
38,30,0.956693
39,30,0.933071
40,30,0.952756
41,30,0.952756
42,30,0.952756
43,30,0.925197
44,30,0.952756
45,30,0.933071
0,31,0.838583
1,31,0.925197
2,31,0.933071
3,31,0.940945
4,31,0.964567
5,31,0.948819
6,31,0.948819
7,31,0.940945
8,31,0.964567
9,31,0.952756
10,31,0.952756
11,31,0.948819
12,31,0.948819
13,31,0.956693
14,31,0.96063
15,31,0.948819
16,31,0.952756
17,31,0.956693
18,31,0.952756
19,31,0.96063
20,31,0.944882
21,31,0.968504
22,31,0.956693
23,31,0.956693
24,31,0.96063
25,31,0.96063
26,31,0.956693
27,31,0.933071
28,31,0.952756
29,31,0.933071
30,31,0.96063
31,31,0.944882
32,31,0.937008
33,31,0.952756
34,31,0.944882
35,31,0.944882
36,31,0.944882
37,31,0.944882
38,31,0.929134
39,31,0.937008
40,31,0.948819
41,31,0.948819
42,31,0.944882
43,31,0.929134
44,31,0.925197
45,31,0.937008
0,32,0.854331
1,32,0.929134
2,32,0.940945
3,32,0.940945
4,32,0.937008
5,32,0.944882
6,32,0.952756
7,32,0.952756
8,32,0.944882
9,32,0.952756
10,32,0.948819
11,32,0.976378
12,32,0.948819
13,32,0.956693
14,32,0.952756
15,32,0.952756
16,32,0.96063
17,32,0.968504
18,32,0.964567
19,32,0.956693
20,32,0.972441
21,32,0.956693
22,32,0.940945
23,32,0.964567
24,32,0.96063
25,32,0.952756
26,32,0.952756
27,32,0.96063
28,32,0.948819
29,32,0.952756
30,32,0.948819
31,32,0.929134
32,32,0.956693
33,32,0.944882
34,32,0.940945
35,32,0.952756
36,32,0.937008
37,32,0.944882
38,32,0.944882
39,32,0.944882
40,32,0.964567
41,32,0.948819
42,32,0.944882
43,32,0.940945
44,32,0.933071
45,32,0.940945
0,33,0.834646
1,33,0.917323
2,33,0.925197
3,33,0.933071
4,33,0.944882
5,33,0.952756
6,33,0.956693
7,33,0.948819
8,33,0.972441
9,33,0.933071
10,33,0.933071
11,33,0.948819
12,33,0.944882
13,33,0.956693
14,33,0.964567
15,33,0.952756
16,33,0.96063
17,33,0.956693
18,33,0.96063
19,33,0.964567
20,33,0.940945
21,33,0.948819
22,33,0.956693
23,33,0.96063
24,33,0.952756
25,33,0.940945
26,33,0.964567
27,33,0.96063
28,33,0.948819
29,33,0.948819
30,33,0.937008
31,33,0.940945
32,33,0.964567
33,33,0.952756
34,33,0.937008
35,33,0.956693
36,33,0.948819
37,33,0.952756
38,33,0.944882
39,33,0.952756
40,33,0.940945
41,33,0.940945
42,33,0.956693
43,33,0.948819
44,33,0.925197
45,33,0.917323
0,34,0.874016
1,34,0.937008
2,34,0.933071
3,34,0.917323
4,34,0.937008
5,34,0.968504
6,34,0.952756
7,34,0.944882
8,34,0.964567
9,34,0.964567
10,34,0.948819
11,34,0.956693
12,34,0.940945
13,34,0.944882
14,34,0.937008
15,34,0.964567
16,34,0.956693
17,34,0.96063
18,34,0.940945
19,34,0.96063
20,34,0.968504
21,34,0.956693
22,34,0.948819
23,34,0.964567
24,34,0.952756
25,34,0.937008
26,34,0.944882
27,34,0.937008
28,34,0.952756
29,34,0.937008
30,34,0.952756
31,34,0.956693
32,34,0.937008
33,34,0.937008
34,34,0.948819
35,34,0.952756
36,34,0.952756
37,34,0.929134
38,34,0.940945
39,34,0.948819
40,34,0.944882
41,34,0.933071
42,34,0.937008
43,34,0.952756
44,34,0.937008
45,34,0.905512
0,35,0.88189
1,35,0.889764
2,35,0.917323
3,35,0.92126
4,35,0.937008
5,35,0.952756
6,35,0.933071
7,35,0.952756
8,35,0.956693
9,35,0.96063
10,35,0.940945
11,35,0.948819
12,35,0.944882
13,35,0.933071
14,35,0.956693
15,35,0.948819
16,35,0.96063
17,35,0.948819
18,35,0.948819
19,35,0.937008
20,35,0.944882
21,35,0.948819
22,35,0.940945
23,35,0.952756
24,35,0.956693
25,35,0.952756
26,35,0.964567
27,35,0.956693
28,35,0.952756
29,35,0.952756
30,35,0.956693
31,35,0.937008
32,35,0.925197
33,35,0.952756
34,35,0.956693
35,35,0.940945
36,35,0.956693
37,35,0.937008
38,35,0.940945
39,35,0.929134
40,35,0.937008
41,35,0.925197
42,35,0.937008
43,35,0.913386
44,35,0.92126
45,35,0.92126
0,36,0.893701
1,36,0.933071
2,36,0.909449
3,36,0.913386
4,36,0.929134
5,36,0.948819
6,36,0.956693
7,36,0.940945
8,36,0.952756
9,36,0.944882
10,36,0.940945
11,36,0.956693
12,36,0.952756
13,36,0.964567
14,36,0.948819
15,36,0.948819
16,36,0.944882
17,36,0.956693
18,36,0.956693
19,36,0.952756
20,36,0.948819
21,36,0.956693
22,36,0.956693
23,36,0.96063
24,36,0.972441
25,36,0.952756
26,36,0.96063
27,36,0.944882
28,36,0.952756
29,36,0.929134
30,36,0.944882
31,36,0.937008
32,36,0.92126
33,36,0.937008
34,36,0.940945
35,36,0.940945
36,36,0.933071
37,36,0.940945
38,36,0.940945
39,36,0.948819
40,36,0.933071
41,36,0.937008
42,36,0.929134
43,36,0.956693
44,36,0.933071
45,36,0.917323
0,37,0.874016
1,37,0.885827
2,37,0.917323
3,37,0.933071
4,37,0.952756
5,37,0.940945
6,37,0.956693
7,37,0.956693
8,37,0.940945
9,37,0.944882
10,37,0.948819
11,37,0.964567
12,37,0.964567
13,37,0.964567
14,37,0.956693
15,37,0.944882
16,37,0.964567
17,37,0.948819
18,37,0.940945
19,37,0.937008
20,37,0.944882
21,37,0.956693
22,37,0.968504
23,37,0.964567
24,37,0.948819
25,37,0.937008
26,37,0.944882
27,37,0.948819
28,37,0.944882
29,37,0.933071
30,37,0.944882
31,37,0.933071
32,37,0.940945
33,37,0.952756
34,37,0.948819
35,37,0.940945
36,37,0.937008
37,37,0.956693
38,37,0.944882
39,37,0.956693
40,37,0.925197
41,37,0.944882
42,37,0.937008
43,37,0.944882
44,37,0.929134
45,37,0.925197
0,38,0.858268
1,38,0.905512
2,38,0.92126
3,38,0.937008
4,38,0.925197
5,38,0.944882
6,38,0.913386
7,38,0.952756
8,38,0.952756
9,38,0.948819
10,38,0.952756
11,38,0.944882
12,38,0.956693
13,38,0.968504
14,38,0.933071
15,38,0.944882
16,38,0.96063
17,38,0.944882
18,38,0.96063
19,38,0.96063
20,38,0.933071
21,38,0.937008
22,38,0.929134
23,38,0.944882
24,38,0.929134
25,38,0.96063
26,38,0.933071
27,38,0.940945
28,38,0.944882
29,38,0.929134
30,38,0.940945
31,38,0.937008
32,38,0.925197
33,38,0.933071
34,38,0.940945
35,38,0.952756
36,38,0.944882
37,38,0.944882
38,38,0.948819
39,38,0.937008
40,38,0.948819
41,38,0.944882
42,38,0.92126
43,38,0.933071
44,38,0.925197
45,38,0.929134
0,39,0.870079
1,39,0.901575
2,39,0.940945
3,39,0.929134
4,39,0.952756
5,39,0.948819
6,39,0.917323
7,39,0.944882
8,39,0.956693
9,39,0.940945
10,39,0.940945
11,39,0.956693
12,39,0.940945
13,39,0.952756
14,39,0.944882
15,39,0.937008
16,39,0.956693
17,39,0.929134
18,39,0.933071
19,39,0.96063
20,39,0.917323
21,39,0.937008
22,39,0.929134
23,39,0.952756
24,39,0.948819
25,39,0.940945
26,39,0.956693
27,39,0.940945
28,39,0.948819
29,39,0.929134
30,39,0.929134
31,39,0.929134
32,39,0.948819
33,39,0.948819
34,39,0.940945
35,39,0.940945
36,39,0.925197
37,39,0.940945
38,39,0.948819
39,39,0.952756
40,39,0.929134
41,39,0.937008
42,39,0.940945
43,39,0.933071
44,39,0.925197
45,39,0.913386
0,40,0.874016
1,40,0.92126
2,40,0.909449
3,40,0.913386
4,40,0.933071
5,40,0.948819
6,40,0.948819
7,40,0.929134
8,40,0.944882
9,40,0.909449
10,40,0.937008
11,40,0.937008
12,40,0.929134
13,40,0.952756
14,40,0.929134
15,40,0.940945
16,40,0.948819
17,40,0.933071
18,40,0.940945
19,40,0.944882
20,40,0.937008
21,40,0.96063
22,40,0.948819
23,40,0.952756
24,40,0.940945
25,40,0.956693
26,40,0.917323
27,40,0.940945
28,40,0.917323
29,40,0.96063
30,40,0.937008
31,40,0.929134
32,40,0.933071
33,40,0.929134
34,40,0.937008
35,40,0.933071
36,40,0.925197
37,40,0.933071
38,40,0.925197
39,40,0.933071
40,40,0.933071
41,40,0.925197
42,40,0.925197
43,40,0.909449
44,40,0.909449
45,40,0.929134
0,41,0.858268
1,41,0.937008
2,41,0.897638
3,41,0.933071
4,41,0.925197
5,41,0.92126
6,41,0.940945
7,41,0.937008
8,41,0.933071
9,41,0.937008
10,41,0.92126
11,41,0.925197
12,41,0.948819
13,41,0.933071
14,41,0.940945
15,41,0.944882
16,41,0.944882
17,41,0.933071
18,41,0.948819
19,41,0.944882
20,41,0.956693
21,41,0.944882
22,41,0.933071
23,41,0.940945
24,41,0.940945
25,41,0.937008
26,41,0.937008
27,41,0.937008
28,41,0.933071
29,41,0.940945
30,41,0.940945
31,41,0.929134
32,41,0.937008
33,41,0.929134
34,41,0.944882
35,41,0.933071
36,41,0.948819
37,41,0.952756
38,41,0.944882
39,41,0.929134
40,41,0.937008
41,41,0.940945
42,41,0.909449
43,41,0.92126
44,41,0.92126
45,41,0.913386
0,42,0.854331
1,42,0.870079
2,42,0.917323
3,42,0.925197
4,42,0.92126
5,42,0.940945
6,42,0.940945
7,42,0.940945
8,42,0.917323
9,42,0.952756
10,42,0.940945
11,42,0.96063
12,42,0.940945
13,42,0.940945
14,42,0.948819
15,42,0.937008
16,42,0.937008
17,42,0.956693
18,42,0.929134
19,42,0.929134
20,42,0.940945
21,42,0.937008
22,42,0.96063
23,42,0.937008
24,42,0.952756
25,42,0.929134
26,42,0.937008
27,42,0.937008
28,42,0.944882
29,42,0.944882
30,42,0.929134
31,42,0.925197
32,42,0.92126
33,42,0.933071
34,42,0.933071
35,42,0.933071
36,42,0.937008
37,42,0.92126
38,42,0.929134
39,42,0.929134
40,42,0.937008
41,42,0.913386
42,42,0.933071
43,42,0.925197
44,42,0.917323
45,42,0.929134
0,43,0.854331
1,43,0.88189
2,43,0.940945
3,43,0.925197
4,43,0.925197
5,43,0.901575
6,43,0.944882
7,43,0.948819
8,43,0.913386
9,43,0.925197
10,43,0.937008
11,43,0.940945
12,43,0.937008
13,43,0.944882
14,43,0.944882
15,43,0.937008
16,43,0.948819
17,43,0.937008
18,43,0.948819
19,43,0.952756
20,43,0.925197
21,43,0.933071
22,43,0.929134
23,43,0.948819
24,43,0.940945
25,43,0.925197
26,43,0.948819
27,43,0.929134
28,43,0.933071
29,43,0.92126
30,43,0.944882
31,43,0.92126
32,43,0.933071
33,43,0.92126
34,43,0.917323
35,43,0.92126
36,43,0.940945
37,43,0.905512
38,43,0.913386
39,43,0.925197
40,43,0.956693
41,43,0.937008
42,43,0.901575
43,43,0.917323
44,43,0.885827
45,43,0.897638
0,44,0.866142
1,44,0.88189
2,44,0.913386
3,44,0.909449
4,44,0.933071
5,44,0.897638
6,44,0.937008
7,44,0.952756
8,44,0.937008
9,44,0.925197
10,44,0.940945
11,44,0.917323
12,44,0.940945
13,44,0.940945
14,44,0.948819
15,44,0.944882
16,44,0.937008
17,44,0.929134
18,44,0.948819
19,44,0.940945
20,44,0.937008
21,44,0.929134
22,44,0.933071
23,44,0.940945
24,44,0.933071
25,44,0.937008
26,44,0.917323
27,44,0.948819
28,44,0.929134
29,44,0.925197
30,44,0.929134
31,44,0.944882
32,44,0.92126
33,44,0.905512
34,44,0.92126
35,44,0.913386
36,44,0.948819
37,44,0.92126
38,44,0.925197
39,44,0.929134
40,44,0.913386
41,44,0.893701
42,44,0.92126
43,44,0.913386
44,44,0.889764
45,44,0.913386
0,45,0.866142
1,45,0.889764
2,45,0.901575
3,45,0.913386
4,45,0.913386
5,45,0.937008
6,45,0.940945
7,45,0.925197
8,45,0.944882
9,45,0.929134
10,45,0.913386
11,45,0.948819
12,45,0.933071
13,45,0.917323
14,45,0.933071
15,45,0.933071
16,45,0.940945
17,45,0.940945
18,45,0.956693
19,45,0.929134
20,45,0.917323
21,45,0.937008
22,45,0.901575
23,45,0.925197
24,45,0.940945
25,45,0.929134
26,45,0.937008
27,45,0.937008
28,45,0.92126
29,45,0.933071
30,45,0.905512
31,45,0.948819
32,45,0.901575
33,45,0.917323
34,45,0.933071
35,45,0.948819
36,45,0.925197
37,45,0.944882
38,45,0.937008
39,45,0.948819
40,45,0.897638
41,45,0.905512
42,45,0.913386
43,45,0.874016
44,45,0.905512
45,45,0.909449
